entry_time,session,dow,hour,month,adx,atr_pct,atr_percentile,di_spread,close,divergence,dir,ret_pct,pnl_net,bars_held,reason,entry_px,exit_px
2026-04-01 12:50:00+08:00,mid,2,12.83,4,33.87,0.5528,50.0,-8.8,94.84,-2.2126,LONG,-0.9384226064951503,-471.2113032475752,10,time_stop,94.84,93.95
2026-04-01 13:40:00+08:00,mid,2,13.67,4,37.59,0.6561,50.0,-12.84,93.95,-2.9311,LONG,0.3725385843533734,183.3915702174709,10,time_stop,93.95,94.3
2026-04-01 14:50:00+08:00,mid,2,14.83,4,21.51,0.4812,50.0,0.09,93.67,2.9551,SHORT,-0.7900074730436585,-395.8668378219132,10,time_stop,93.67,94.41
2026-04-01 15:50:00+08:00,mid,2,15.83,4,36.2,0.3647,50.0,20.27,94.41,4.0857,SHORT,0.4342760300815556,213.65347159172936,10,time_stop,94.41,94.0
2026-04-01 16:40:00+08:00,mid,2,16.67,4,30.68,0.2781,50.0,-13.34,94.0,2.8327,SHORT,0.28723404255318724,140.94197374042193,10,time_stop,94.0,93.73
2026-04-01 17:30:00+08:00,close,2,17.5,4,47.73,0.2835,50.0,-26.07,93.73,2.9887,SHORT,-0.5654539635122171,-283.796552349699,10,time_stop,93.73,94.26
2026-04-01 18:20:00+08:00,close,2,18.33,4,34.39,0.3289,50.0,13.52,94.26,2.3838,SHORT,0.05304476978571119,24.359832463970143,10,time_stop,94.26,94.21
2026-04-01 19:10:00+08:00,close,2,19.17,4,15.98,0.2828,9.0,-4.65,94.21,5.2513,SHORT,0.04245833775606841,19.104229307838793,10,time_stop,94.21,94.17
2026-04-01 20:00:00+08:00,close,2,20.0,4,25.59,0.2465,6.0,5.42,94.17,2.8983,SHORT,-5.000000000000001,-2487.7644095975566,10,stop_loss,94.17,98.8785
2026-04-02 09:05:00+08:00,open,3,9.08,4,36.14,0.6265,98.0,77.52,99.3,2.4103,SHORT,0.45317220543806935,217.65893951881867,10,time_stop,99.3,98.85
2026-04-02 09:55:00+08:00,open,3,9.92,4,59.12,0.5817,90.0,33.21,98.85,-3.3042,LONG,0.34395548811330645,165.0943859924144,10,time_stop,98.85,99.19
2026-04-02 10:45:00+08:00,open,3,10.75,4,37.46,0.1908,7.0,14.52,99.19,-3.4659,LONG,-5.000000000000006,-2435.1391324954006,6,stop_loss,99.19,94.23049999999999
2026-04-02 11:15:00+08:00,open,3,11.25,4,42.75,0.6792,100.0,-79.25,92.97,-3.2349,LONG,7.152845003764662,3391.6825535800904,10,time_stop,92.97,99.62
2026-04-02 12:05:00+08:00,mid,3,12.08,4,16.03,1.153,100.0,3.01,99.62,-2.4949,LONG,-0.2609917687211455,-130.25410694355884,10,time_stop,99.62,99.36
2026-04-02 12:55:00+08:00,mid,3,12.92,4,8.57,0.2847,42.0,2.64,99.36,-2.4092,LONG,0.06038647342995398,27.635221803732115,10,time_stop,99.36,99.42
2026-04-02 13:50:00+08:00,mid,3,13.83,4,17.33,0.3393,68.0,-17.88,99.16,-2.0891,LONG,-2.601855586930212,-1279.2442707556609,10,time_stop,99.16,96.58
2026-04-02 14:40:00+08:00,mid,3,14.67,4,62.44,0.6301,85.0,-38.9,96.58,-4.2592,LONG,1.1803686063367163,569.8900390562534,10,time_stop,96.58,97.72
2026-04-02 17:00:00+08:00,close,3,17.0,4,20.06,0.3373,35.0,-1.1,98.06,2.3536,SHORT,-0.8260248827248646,-404.5637866576073,10,time_stop,98.06,98.87
2026-04-02 18:10:00+08:00,close,3,18.17,4,26.59,1.2328,98.0,8.27,98.73,4.0879,SHORT,-0.07090043553123992,-36.409956584713875,10,time_stop,98.73,98.8
2026-04-02 19:05:00+08:00,close,3,19.08,4,11.79,0.739,72.0,-2.05,98.78,2.1761,SHORT,-0.2834581899169884,-139.5185529511513,10,time_stop,98.78,99.06
2026-04-02 20:40:00+08:00,close,3,20.67,4,7.64,0.1563,1.0,-1.17,99.2,-2.1312,LONG,0.5141129032257973,247.06107906759956,10,time_stop,99.2,99.71
2026-04-03 12:50:00+08:00,mid,4,12.83,4,14.14,1.4499,94.0,7.87,100.25,-2.2914,LONG,-5.000000000000003,-2430.417609673389,1,stop_loss,100.25,95.2375
2026-04-03 12:55:00+08:00,mid,4,12.92,4,18.2,1.5738,95.0,-43.17,93.63,-2.4615,LONG,7.059703086617537,3340.9913254176154,10,time_stop,93.63,100.24
2026-04-03 13:45:00+08:00,mid,4,13.75,4,9.3,1.0211,70.0,7.07,100.24,-2.1571,LONG,-5.000000000000001,-2453.181952566994,9,stop_loss,100.24,95.228
2026-04-03 14:30:00+08:00,mid,4,14.5,4,17.97,0.5319,56.0,-76.92,94.01,-5.4715,LONG,6.850335070737152,3272.257947062684,10,time_stop,94.01,100.45
2026-04-03 15:20:00+08:00,mid,4,15.33,4,9.97,0.9479,66.0,8.16,100.45,-3.0623,LONG,1.2742658038825299,627.9100709028604,10,time_stop,100.45,101.73
2026-04-03 16:10:00+08:00,mid,4,16.17,4,29.19,0.2078,48.0,35.32,101.73,-2.2666,LONG,0.5701366361938447,281.62662546684965,10,time_stop,101.73,102.31
2026-04-03 17:00:00+08:00,close,4,17.0,4,49.34,0.2506,50.0,34.85,102.31,-3.7826,LONG,-0.08796794057277237,-45.88539815961002,10,time_stop,102.31,102.22
2026-04-03 17:50:00+08:00,close,4,17.83,4,35.46,0.3137,52.0,-2.31,102.22,-2.5523,LONG,0.01956564273135983,7.756408275813508,10,time_stop,102.22,102.24
2026-04-03 18:45:00+08:00,close,4,18.75,4,18.09,0.1663,21.0,6.61,102.25,-2.0381,LONG,0.13691931540342353,66.28013033013517,10,time_stop,102.25,102.39
2026-04-03 19:35:00+08:00,close,4,19.58,4,22.08,0.1012,10.0,19.42,102.39,-6.6495,LONG,-0.06836605137221154,-36.11604129006807,10,time_stop,102.39,102.32
2026-04-03 20:25:00+08:00,close,4,20.42,4,17.49,0.0719,6.0,1.83,102.32,-4.2884,LONG,-4.046129788897563,-2020.3698846549182,10,time_stop,102.32,98.18
2026-04-06 09:30:00+08:00,open,0,9.5,4,61.62,0.4562,71.0,-62.88,98.18,5.8432,SHORT,-1.5889183133020859,-778.564409108532,10,time_stop,98.18,99.74
2026-04-06 10:20:00+08:00,open,0,10.33,4,26.82,0.3717,67.0,3.53,99.74,3.4531,SHORT,-0.030078203328655642,-16.583265229437785,10,time_stop,99.74,99.77
2026-04-06 11:10:00+08:00,open,0,11.17,4,22.64,0.2885,52.0,22.57,99.77,2.1526,SHORT,-0.19043800741705696,-94.31711728678158,10,time_stop,99.77,99.96
2026-04-06 12:10:00+08:00,mid,0,12.17,4,39.48,0.2529,43.0,28.5,100.26,2.1011,SHORT,0.3291442250149594,157.40140684928684,10,time_stop,100.26,99.93
2026-04-06 13:00:00+08:00,mid,0,13.0,4,25.86,0.2831,54.0,-9.58,99.93,2.6329,SHORT,-0.32022415690983,-157.33352166239396,10,time_stop,99.93,100.25
2026-04-06 13:50:00+08:00,mid,0,13.83,4,27.98,0.2907,53.0,7.27,100.25,2.133,SHORT,0.16957605985037574,80.124124924058,10,time_stop,100.25,100.08
2026-04-06 15:05:00+08:00,mid,0,15.08,4,34.85,0.3621,78.0,-10.17,100.0,2.483,SHORT,-0.6700000000000017,-326.7432488088852,10,time_stop,100.0,100.67
2026-04-06 15:55:00+08:00,mid,0,15.92,4,31.47,0.2902,38.0,7.83,100.67,4.0905,SHORT,0.6158736465679989,295.50250713315376,10,time_stop,100.67,100.05
2026-04-06 17:25:00+08:00,close,0,17.42,4,46.26,0.3011,57.0,16.89,101.3,2.6194,SHORT,0.17769002961499764,84.09707624518032,10,time_stop,101.3,101.12
2026-04-06 18:15:00+08:00,close,0,18.25,4,36.56,0.4139,97.0,-24.05,101.12,2.1077,SHORT,0.18789556962025092,89.12102707975268,10,time_stop,101.12,100.93
2026-04-06 19:05:00+08:00,close,0,19.08,4,50.56,0.3779,86.0,-16.29,100.93,-3.0927,LONG,-0.5746557019716759,-280.93862647947435,10,time_stop,100.93,100.35
2026-04-06 20:00:00+08:00,close,0,20.0,4,55.77,0.2282,8.0,-35.29,100.16,2.6596,SHORT,-0.1397763578274766,-69.65128331988015,10,time_stop,100.16,100.3
2026-04-07 09:05:00+08:00,open,1,9.08,4,41.8,0.2485,22.0,9.48,100.3,-2.0713,LONG,0.1994017946161544,94.44034962949542,10,time_stop,100.3,100.5
2026-04-07 09:55:00+08:00,open,1,9.92,4,33.64,0.4208,96.0,5.16,100.5,-2.8637,LONG,1.1343283582089558,547.1516744872326,10,time_stop,100.5,101.64
2026-04-07 10:45:00+08:00,open,1,10.75,4,47.44,0.603,96.0,29.02,101.64,-3.4127,LONG,0.18693427784336653,89.01013337994213,10,time_stop,101.64,101.83
2026-04-07 11:55:00+08:00,open,1,11.92,4,42.85,0.262,27.0,14.28,101.95,2.0046,SHORT,-0.049043648847471456,-25.8990369877081,10,time_stop,101.95,102.0
2026-04-07 12:45:00+08:00,mid,1,12.75,4,33.59,0.3123,49.0,5.99,102.0,5.3819,SHORT,0.7156862745098078,346.6622199666234,10,time_stop,102.0,101.27
2026-04-07 13:40:00+08:00,mid,1,13.67,4,37.93,0.419,70.0,-9.02,101.43,2.3264,SHORT,0.19718032140392666,94.40248054703686,10,time_stop,101.43,101.23
2026-04-07 14:30:00+08:00,mid,1,14.5,4,25.92,0.3563,41.0,-9.94,101.23,2.3733,SHORT,-0.6816161217030502,-335.5673839997497,10,time_stop,101.23,101.92
2026-04-07 16:20:00+08:00,mid,1,16.33,4,43.27,0.4577,84.0,-20.19,101.13,2.6093,SHORT,6.407594185701562,3122.979555165757,10,time_stop,101.13,94.65
2026-04-07 17:15:00+08:00,close,1,17.25,4,33.81,1.3051,100.0,10.45,102.07,2.1191,SHORT,0.724992652101494,362.8991353787702,10,time_stop,102.07,101.33
2026-04-07 18:35:00+08:00,close,1,18.58,4,8.76,0.3773,33.0,-3.03,101.1,2.5419,SHORT,0.731948565776454,367.7282633847796,10,time_stop,101.1,100.36
2026-04-07 19:25:00+08:00,close,1,19.42,4,28.15,0.5309,83.0,-30.53,100.36,4.3655,SHORT,1.5544041450777224,786.0322129741052,10,time_stop,100.36,98.8
2026-04-07 20:15:00+08:00,close,1,20.25,4,58.72,0.9521,87.0,-31.49,98.8,2.3638,SHORT,8.785425101214567,4486.45217232004,10,time_stop,98.8,90.12
2026-04-08 09:20:00+08:00,open,2,9.33,4,71.49,1.3973,97.0,-62.24,90.12,5.3125,SHORT,-0.2774079005770084,-149.949903537823,10,time_stop,90.12,90.37
2026-04-08 11:35:00+08:00,open,2,11.58,4,43.46,0.3672,21.0,-28.9,89.28,-2.6088,LONG,-0.3136200716845891,-169.02779745914881,10,time_stop,89.28,89.0
2026-04-08 13:25:00+08:00,mid,2,13.42,4,41.17,0.6557,52.0,-11.85,88.13,-3.0669,LONG,1.2935436287302855,685.8223228136868,10,time_stop,88.13,89.27
2026-04-08 14:15:00+08:00,mid,2,14.25,4,25.51,0.6105,46.0,19.6,89.27,2.9618,SHORT,-1.7363055897837987,-931.2083060854169,10,time_stop,89.27,90.82
2026-04-08 15:05:00+08:00,mid,2,15.08,4,61.66,0.5427,41.0,29.46,90.82,3.7465,SHORT,0.5835719004624388,307.5895581826112,10,time_stop,90.82,90.29
2026-04-08 16:00:00+08:00,mid,2,16.0,4,39.38,0.4381,24.0,-0.76,90.17,2.0918,SHORT,-0.11090163025395842,-61.0047622981794,10,time_stop,90.17,90.27
2026-04-08 16:50:00+08:00,mid,2,16.83,4,19.18,0.3838,17.0,-2.27,90.27,-5.2258,LONG,0.38772571175363746,204.16962583464337,10,time_stop,90.27,90.62
2026-04-08 17:40:00+08:00,close,2,17.67,4,20.14,0.391,31.0,0.92,90.62,-5.1681,LONG,0.16552637386889368,86.18612325541258,10,time_stop,90.62,90.77
2026-04-08 18:30:00+08:00,close,2,18.5,4,20.36,0.495,59.0,6.01,90.77,-2.943,LONG,1.9279497631376006,1025.9687330716956,10,time_stop,90.77,92.52
2026-04-09 09:10:00+08:00,open,3,9.17,4,27.36,0.324,4.0,25.05,93.03,5.6938,SHORT,-0.26873051703751477,-146.6636945721895,10,time_stop,93.03,93.28
2026-04-09 10:00:00+08:00,open,3,10.0,4,37.18,0.2933,9.0,18.46,93.28,2.7671,SHORT,-0.1929674099485341,-105.73719974104496,10,time_stop,93.28,93.46
2026-04-09 11:05:00+08:00,open,3,11.08,4,21.2,0.2248,11.0,0.88,93.4,-2.2164,LONG,-0.6102783725910144,-329.7564297528579,10,time_stop,93.4,92.83
2026-04-09 12:20:00+08:00,mid,3,12.33,4,24.82,0.2406,21.0,0.31,92.94,2.7167,SHORT,-0.20443296750591536,-111.45581363043041,10,time_stop,92.94,93.13
2026-04-09 14:30:00+08:00,mid,3,14.5,4,28.5,0.2515,29.0,17.17,93.45,-2.6941,LONG,-0.39593365436062555,-213.7668866611189,10,time_stop,93.45,93.08
2026-04-09 15:20:00+08:00,mid,3,15.33,4,31.44,0.3323,79.0,-21.05,93.08,2.6756,SHORT,2.116458960034378,1127.7354007701751,10,time_stop,93.08,91.11
2026-04-09 17:05:00+08:00,close,3,17.08,4,23.22,0.5644,86.0,-11.31,90.62,-2.4599,LONG,0.12138600750386166,63.47856420619077,10,time_stop,90.62,90.73
2026-04-09 17:55:00+08:00,close,3,17.92,4,20.4,0.4314,71.0,2.92,90.73,-3.6332,LONG,0.7274330430948932,390.6259545506237,10,time_stop,90.73,91.39
2026-04-09 18:45:00+08:00,close,3,18.75,4,35.38,0.4572,72.0,9.67,91.39,-2.8386,LONG,0.393916183389867,211.3823638236524,10,time_stop,91.39,91.75
2026-04-09 19:55:00+08:00,close,3,19.92,4,48.7,0.2252,2.0,19.91,91.98,2.3262,SHORT,0.6523157208088808,352.04550002413856,10,time_stop,91.98,91.38
2026-04-10 09:10:00+08:00,open,4,9.17,4,40.65,0.2757,31.0,38.09,92.5,-3.3876,LONG,-0.8540540540540608,-467.0426631776499,10,time_stop,92.5,91.71
2026-04-10 10:00:00+08:00,open,4,10.0,4,26.03,0.4494,61.0,-9.06,91.71,-2.0334,LONG,-0.6324283066186875,-344.8879338330738,10,time_stop,91.71,91.13
2026-04-10 10:50:00+08:00,open,4,10.83,4,34.32,0.29,27.0,-31.04,91.13,-2.6169,LONG,0.14265335235379092,75.09733609873095,10,time_stop,91.13,91.26
2026-04-10 12:30:00+08:00,mid,4,12.5,4,37.21,0.277,33.0,-12.0,91.04,4.0253,SHORT,-0.021968365553598438,-13.881103091661902,10,time_stop,91.04,91.06
2026-04-10 13:20:00+08:00,mid,4,13.33,4,25.85,0.3553,51.0,-3.92,91.06,3.3435,SHORT,0.08785416209092718,45.50787675968264,10,time_stop,91.06,90.98
2026-04-10 14:10:00+08:00,mid,4,14.17,4,15.97,0.3164,53.0,-3.1,90.98,3.3098,SHORT,-0.2747856671795999,-150.65518427151505,10,time_stop,90.98,91.23
2026-04-10 15:15:00+08:00,mid,4,15.25,4,33.28,0.3581,75.0,29.72,91.75,2.0416,SHORT,-0.7629427792915563,-414.1666152323483,10,time_stop,91.75,92.45
2026-04-10 17:00:00+08:00,close,4,17.0,4,28.68,0.2598,16.0,-2.03,92.09,2.1358,SHORT,0.293191443153448,155.78444581704596,10,time_stop,92.09,91.82
2026-04-10 17:50:00+08:00,close,4,17.83,4,12.89,0.8168,96.0,-3.47,91.82,7.8801,SHORT,1.6880853844478299,907.7780197563897,10,time_stop,91.82,90.27
2026-04-10 18:40:00+08:00,close,4,18.67,4,23.78,0.4004,81.0,-23.4,90.27,-3.4071,LONG,-0.04431150991469153,-26.082403896361466,10,time_stop,90.27,90.23
2026-04-10 19:30:00+08:00,close,4,19.5,4,31.0,0.3578,57.0,-12.78,90.23,-4.0124,LONG,0.2881524991687808,154.56744082572715,10,time_stop,90.23,90.49
2026-04-10 20:20:00+08:00,close,4,20.33,4,16.95,0.1666,1.0,-1.31,90.49,-2.572,LONG,7.006299038567803,3810.2819717479942,10,time_stop,90.49,96.83
2026-04-13 09:25:00+08:00,open,0,9.42,4,54.36,0.6145,83.0,75.1,96.83,5.3221,SHORT,0.3408034699989655,189.93147789076497,10,time_stop,96.83,96.5
2026-04-13 10:15:00+08:00,open,0,10.25,4,56.58,0.1813,7.0,29.96,96.5,2.9012,SHORT,0.24870466321242993,138.30005613199768,10,time_stop,96.5,96.26
2026-04-13 12:25:00+08:00,mid,0,12.42,4,12.29,0.2028,16.0,3.87,96.5,2.0734,SHORT,0.3108808290155411,173.59004434551522,10,time_stop,96.5,96.2
2026-04-13 13:15:00+08:00,mid,0,13.25,4,26.33,0.2376,29.0,-5.58,96.2,3.6139,SHORT,1.7151767151767212,968.2456114653688,10,time_stop,96.2,94.55
2026-04-13 14:05:00+08:00,mid,0,14.08,4,57.31,0.5424,63.0,-39.11,94.55,2.0045,SHORT,-0.4547858276044493,-261.46614806688325,10,time_stop,94.55,94.98
2026-04-13 14:55:00+08:00,mid,0,14.92,4,37.68,0.5069,60.0,-6.72,94.98,5.1334,SHORT,-1.2739524110338951,-727.1547200694781,10,time_stop,94.98,96.19
2026-04-13 15:45:00+08:00,mid,0,15.75,4,33.03,0.3899,49.0,12.73,96.19,3.7717,SHORT,1.704958935440275,962.2918964511019,10,time_stop,96.19,94.55
2026-04-13 16:35:00+08:00,mid,0,16.58,4,40.62,0.4246,55.0,-33.58,94.55,3.6618,SHORT,0.1269169751454155,70.39244963282856,10,time_stop,94.55,94.43
2026-04-13 17:30:00+08:00,close,0,17.5,4,52.74,0.4788,51.0,-15.14,94.59,2.1194,SHORT,0.13743524685485745,76.44036154008404,10,time_stop,94.59,94.46
2026-04-13 18:20:00+08:00,close,0,18.33,4,38.33,0.2737,28.0,-3.35,94.46,3.9811,SHORT,1.0163031971204677,578.4375254249265,10,time_stop,94.46,93.5
2026-04-13 19:20:00+08:00,close,0,19.33,4,38.49,0.3485,40.0,-16.97,93.45,-2.0653,LONG,-0.11771000535045417,-69.56772397251969,10,time_stop,93.45,93.34
2026-04-14 09:10:00+08:00,open,1,9.17,4,22.06,0.2589,22.0,22.75,93.79,3.4088,SHORT,-0.45847105235098895,-265.0114045476608,10,time_stop,93.79,94.22
2026-04-14 10:00:00+08:00,open,1,10.0,4,46.64,0.2509,18.0,23.8,94.22,3.0312,SHORT,0.11674803651029445,64.82022875359111,10,time_stop,94.22,94.11
2026-04-14 12:10:00+08:00,mid,1,12.17,4,49.2,0.2556,44.0,-33.49,93.62,-2.3435,LONG,-0.26703695791497545,-154.92398345693505,10,time_stop,93.62,93.37
2026-04-14 13:00:00+08:00,mid,1,13.0,4,68.78,0.3703,84.0,-18.72,93.37,-4.1965,LONG,-0.9317768019706593,-534.8785997633677,10,time_stop,93.37,92.5
2026-04-14 13:50:00+08:00,mid,1,13.83,4,56.42,0.3166,73.0,-27.98,92.5,-4.1459,LONG,-1.0486486486486475,-598.9125391604598,10,time_stop,92.5,91.53
2026-04-14 14:40:00+08:00,mid,1,14.67,4,56.49,0.462,100.0,-21.53,91.53,-2.8464,LONG,0.42608980662078066,239.26319401144394,10,time_stop,91.53,91.92
2026-04-14 16:00:00+08:00,mid,1,16.0,4,27.89,0.3791,77.0,-12.35,91.57,-2.2481,LONG,-0.29485639401550295,-169.30814445131853,10,time_stop,91.57,91.3
2026-04-14 16:50:00+08:00,mid,1,16.83,4,40.51,0.2863,47.0,-13.26,91.3,-2.7219,LONG,0.08762322015333877,47.64520770080308,10,time_stop,91.3,91.38
2026-04-14 17:40:00+08:00,close,1,17.67,4,17.91,0.2204,22.0,-1.56,91.38,2.174,SHORT,0.04377325454146645,22.811300456284457,10,time_stop,91.38,91.34
2026-04-14 18:35:00+08:00,close,1,18.58,4,18.09,0.2606,39.0,-4.04,91.29,-2.5193,LONG,0.04381640924525363,22.84075869979624,10,time_stop,91.29,91.33
2026-04-14 19:35:00+08:00,close,1,19.58,4,14.22,0.1594,6.0,13.43,91.39,2.1476,SHORT,-0.2188423241054851,-126.09288088843847,10,time_stop,91.39,91.59
2026-04-14 20:25:00+08:00,close,1,20.42,4,24.15,0.1146,1.0,9.27,91.59,3.6539,SHORT,-1.2446773665247304,-707.0001402875939,10,time_stop,91.59,92.73
2026-04-15 09:30:00+08:00,open,2,9.5,4,45.81,0.2804,52.0,35.58,92.73,4.6008,SHORT,-0.3774398792192325,-214.45220957601398,10,time_stop,92.73,93.08
2026-04-15 10:20:00+08:00,open,2,10.33,4,33.15,0.2517,38.0,14.12,93.08,2.0284,SHORT,0.5371723248818221,299.78593310375555,10,time_stop,93.08,92.58
2026-04-15 12:05:00+08:00,mid,2,12.08,4,32.88,0.2887,71.0,-7.48,92.03,-2.019,LONG,-0.3042486145822027,-173.38434680518554,10,time_stop,92.03,91.75
2026-04-15 12:55:00+08:00,mid,2,12.92,4,30.97,0.2071,18.0,-16.09,91.75,-2.4683,LONG,-0.5122615803814702,-290.1147133174911,10,time_stop,91.75,91.28
2026-04-15 13:45:00+08:00,mid,2,13.75,4,54.79,0.2966,90.0,-22.09,91.28,-3.7245,LONG,0.9092900964066589,508.099129894402,10,time_stop,91.28,92.11
2026-04-15 14:35:00+08:00,mid,2,14.58,4,34.15,0.4102,100.0,21.25,92.11,-2.3776,LONG,0.39083704266637653,218.24707882848554,10,time_stop,92.11,92.47
2026-04-15 15:25:00+08:00,mid,2,15.42,4,29.51,0.3862,94.0,9.39,92.47,-3.5439,LONG,-0.3244295447172025,-185.17871476407456,10,time_stop,92.47,92.17
2026-04-15 16:40:00+08:00,mid,2,16.67,4,32.67,0.2097,14.0,-21.14,91.98,2.0057,SHORT,0.11959121548162582,65.4126072396948,10,time_stop,91.98,91.87
2026-04-15 17:30:00+08:00,close,2,17.5,4,27.48,0.1679,1.0,-12.15,91.87,4.0287,SHORT,0.3265483835855136,182.17950188425078,10,time_stop,91.87,91.57
2026-04-15 19:00:00+08:00,close,2,19.0,4,36.89,0.2258,29.0,-23.95,91.44,-2.0409,LONG,0.04374453193351515,22.712595163882714,10,time_stop,91.44,91.48
2026-04-15 19:50:00+08:00,close,2,19.83,4,22.03,0.1351,1.0,-5.62,91.48,-3.8249,LONG,0.06558810668998936,35.06013260311181,10,time_stop,91.48,91.54
2026-04-16 09:10:00+08:00,open,3,9.17,4,29.34,0.1615,20.0,56.81,92.46,4.6319,SHORT,0.021630975556993316,10.226233811053278,10,time_stop,92.46,92.44
2026-04-16 10:00:00+08:00,open,3,10.0,4,43.31,0.2194,49.0,19.18,92.44,2.9058,SHORT,0.10817827780181125,59.1499264662623,10,time_stop,92.44,92.34
2026-04-16 11:20:00+08:00,open,3,11.33,4,37.37,0.1504,32.0,-13.03,92.13,-2.2001,LONG,-0.22793878215564287,-130.91435002296734,10,time_stop,92.13,91.92
2026-04-16 12:10:00+08:00,mid,3,12.17,4,36.6,0.1725,49.0,-13.97,91.92,-3.77,LONG,0.46779808529154987,262.2643300681441,10,time_stop,91.92,92.35
2026-04-16 13:00:00+08:00,mid,3,13.0,4,30.05,0.181,67.0,6.28,92.35,-2.1857,LONG,1.0503519220357325,592.7328069227025,10,time_stop,92.35,93.32
2026-04-16 14:25:00+08:00,mid,3,14.42,4,50.14,0.2743,99.0,30.28,93.24,3.1875,SHORT,-0.09652509652510019,-56.940741681597785,10,time_stop,93.24,93.33
2026-04-16 15:15:00+08:00,mid,3,15.25,4,40.34,0.3069,99.0,-16.07,93.33,4.1545,SHORT,-0.08571734704810703,-50.764717035286516,10,time_stop,93.33,93.41
2026-04-16 16:45:00+08:00,mid,3,16.75,4,34.28,0.279,75.0,24.56,94.2,-2.0731,LONG,0.1167728237791926,64.40258091088306,10,time_stop,94.2,94.31
2026-04-16 17:35:00+08:00,close,3,17.58,4,42.27,0.228,55.0,19.85,94.31,-4.7695,LONG,-0.32870321280882436,-189.02212546285094,10,time_stop,94.31,94.0
2026-04-16 18:25:00+08:00,close,3,18.42,4,34.67,0.1983,45.0,-0.74,94.0,-3.2332,LONG,-0.5744680851063897,-328.31192314329434,10,time_stop,94.0,93.46
2026-04-16 19:15:00+08:00,close,3,19.25,4,41.12,0.1957,35.0,-23.15,93.46,-3.4527,LONG,-0.1283971752621339,-74.72196437268032,10,time_stop,93.46,93.34
2026-04-16 20:05:00+08:00,close,3,20.08,4,43.61,0.1454,1.0,0.26,93.34,-3.8884,LONG,-0.9963574030426472,-565.9475456521242,10,time_stop,93.34,92.41
2026-04-17 12:40:00+08:00,mid,4,12.67,4,39.9,0.2541,72.0,-24.61,91.08,2.2714,SHORT,5.6104523495827845,3157.692038730829,10,time_stop,91.08,85.97
2026-04-17 13:30:00+08:00,mid,4,13.5,4,60.4,1.1466,100.0,-25.89,85.97,4.5588,SHORT,0.6397580551355091,368.3994492358251,10,time_stop,85.97,85.42
2026-04-17 14:20:00+08:00,mid,4,14.33,4,24.75,0.7936,85.0,-0.62,85.42,2.7623,SHORT,-0.6204635916647169,-362.3714643079607,10,time_stop,85.42,85.95
2026-04-17 15:10:00+08:00,mid,4,15.17,4,25.39,0.6241,72.0,15.43,85.95,2.2709,SHORT,-0.6515415939499735,-379.2413786901312,10,time_stop,85.95,86.51
2026-04-17 16:00:00+08:00,mid,4,16.0,4,33.01,0.5689,63.0,11.45,86.51,2.7787,SHORT,0.0924748583978711,51.36742063243344,10,time_stop,86.51,86.43
2026-04-17 17:10:00+08:00,close,4,17.17,4,26.82,0.3925,49.0,20.12,86.8,2.5726,SHORT,-0.1036866359447044,-61.864389835306014,10,time_stop,86.8,86.89
2026-04-17 18:00:00+08:00,close,4,18.0,4,30.26,0.3938,47.0,-6.74,86.89,3.7781,SHORT,-0.7595810795258334,-440.3158517802528,10,time_stop,86.89,87.55
2026-04-17 20:30:00+08:00,close,4,20.5,4,18.28,0.2138,6.0,-0.14,87.2,-2.3566,LONG,4.3348623853211015,2489.886455584059,10,time_stop,87.2,90.98
2026-04-20 09:35:00+08:00,open,0,9.58,4,53.63,0.5111,58.0,46.42,90.98,-4.3433,LONG,-0.5056056276104726,-298.9408265520136,10,time_stop,90.98,90.52
2026-04-20 10:25:00+08:00,open,0,10.42,4,25.82,0.3425,19.0,6.63,90.52,-3.0875,LONG,0.41979673000442963,243.91801964606123,10,time_stop,90.52,90.9
2026-04-20 11:15:00+08:00,open,0,11.25,4,15.17,0.2546,16.0,4.43,90.9,-2.357,LONG,-0.3520352035203601,-208.65247929680189,10,time_stop,90.9,90.58
2026-04-20 13:10:00+08:00,mid,0,13.17,4,32.54,0.3644,57.0,-29.71,89.98,-2.0113,LONG,0.022227161591460345,11.024648513133222,10,time_stop,89.98,90.0
2026-04-20 14:00:00+08:00,mid,0,14.0,4,31.36,0.5254,93.0,6.28,90.0,-2.8357,LONG,0.9555555555555549,557.9881016330547,10,time_stop,90.0,90.86
2026-04-20 14:50:00+08:00,mid,0,14.83,4,30.49,0.4001,64.0,37.75,90.86,-4.7405,LONG,0.04402377283733904,23.922254032877095,10,time_stop,90.86,90.9
2026-04-20 15:40:00+08:00,mid,0,15.67,4,38.43,0.4361,74.0,15.05,90.9,-4.0906,LONG,-0.09900990099010276,-60.311248675930486,10,time_stop,90.9,90.81
2026-04-20 16:30:00+08:00,mid,0,16.5,4,25.07,0.2777,20.0,-3.94,90.81,-4.287,LONG,0.29732408325073895,173.01745947972861,10,time_stop,90.81,91.08
2026-04-20 17:20:00+08:00,close,0,17.33,4,17.3,0.2125,4.0,14.68,91.08,-2.6202,LONG,-0.2964426877470312,-176.755081822397,10,time_stop,91.08,90.81
2026-04-20 18:10:00+08:00,close,0,18.17,4,17.61,0.236,17.0,3.1,90.81,-3.3145,LONG,-0.12113203391696888,-73.30114568868599,10,time_stop,90.81,90.7
2026-04-20 19:00:00+08:00,close,0,19.0,4,12.85,0.2079,3.0,0.13,90.7,-3.3958,LONG,-0.1653803748621893,-99.2861402772924,10,time_stop,90.7,90.55
2026-04-20 19:50:00+08:00,close,0,19.83,4,27.86,0.1057,1.0,-19.81,90.55,-2.1214,LONG,-0.033130866924352444,-21.47301261762479,10,time_stop,90.55,90.52
2026-04-20 20:40:00+08:00,close,0,20.67,4,30.11,0.1318,14.0,-13.88,90.52,-2.1907,LONG,0.22094564737074993,127.83938704791711,10,time_stop,90.52,90.72
2026-04-21 09:45:00+08:00,open,1,9.75,4,24.78,0.226,43.0,7.45,90.72,2.4009,SHORT,0.5731922398589021,335.20455975675907,10,time_stop,90.72,90.2
2026-04-21 11:35:00+08:00,open,1,11.58,4,28.19,0.2545,76.0,5.04,90.66,-2.0337,LONG,0.4412089124200371,258.29926561345525,10,time_stop,90.66,91.06
2026-04-21 12:25:00+08:00,mid,1,12.42,4,47.46,0.1867,22.0,21.84,91.06,-4.8487,LONG,0.17570832418185436,101.88926542340306,10,time_stop,91.06,91.22
2026-04-21 13:55:00+08:00,mid,1,13.92,4,21.27,0.2362,68.0,-6.74,91.02,2.119,SHORT,-1.197539002417055,-710.6667311615039,10,time_stop,91.02,92.11
2026-04-21 14:45:00+08:00,mid,1,14.75,4,46.68,0.235,63.0,40.54,92.11,-2.2199,LONG,1.4764954945174242,866.4981180508955,10,time_stop,92.11,93.47
2026-04-21 15:35:00+08:00,mid,1,15.58,4,64.33,0.321,100.0,42.22,93.47,-3.1339,LONG,-0.12838343853643366,-78.07339917867232,10,time_stop,93.47,93.35
2026-04-21 17:35:00+08:00,close,1,17.58,4,54.49,0.3604,96.0,-15.55,93.75,-2.1794,LONG,-0.28799999999999576,-172.54150921470574,10,time_stop,93.75,93.48
2026-04-21 18:30:00+08:00,close,1,18.5,4,31.53,0.5079,99.0,-6.31,93.39,2.4464,SHORT,1.1029018096155918,650.1406680344465,10,time_stop,93.39,92.36
2026-04-21 19:20:00+08:00,close,1,19.33,4,43.77,0.5916,100.0,-20.04,92.36,-3.8586,LONG,1.7973148549155442,1066.5863827145956,10,time_stop,92.36,94.02
2026-04-21 20:10:00+08:00,close,1,20.17,4,45.92,0.9671,100.0,-21.44,94.02,-2.6947,LONG,0.24462880238247608,144.74766808901384,10,time_stop,94.02,94.25
2026-04-22 09:15:00+08:00,open,2,9.25,4,28.19,0.7427,86.0,-10.73,94.25,-2.8384,LONG,0.41379310344827647,246.5252486157559,10,time_stop,94.25,94.64
2026-04-22 11:25:00+08:00,open,2,11.42,4,26.41,0.248,5.0,14.38,94.48,-3.1451,LONG,-0.3810330228619807,-231.3191275859603,10,time_stop,94.48,94.12
2026-04-22 12:15:00+08:00,mid,2,12.25,4,26.33,0.2641,13.0,-17.42,94.12,-3.5402,LONG,0.6162345941351448,368.15900399568216,10,time_stop,94.12,94.7
2026-04-22 13:05:00+08:00,mid,2,13.08,4,36.68,0.3696,55.0,-16.79,94.7,-2.0593,LONG,0.897571277719107,538.8042062438078,10,time_stop,94.7,95.55
2026-04-22 14:50:00+08:00,mid,2,14.83,4,29.34,0.3663,47.0,21.57,96.32,-2.0565,LONG,0.3633720930232647,217.91770741682552,10,time_stop,96.32,96.67
2026-04-22 15:40:00+08:00,mid,2,15.67,4,21.83,0.4603,63.0,11.68,96.67,-4.44,LONG,-0.051722354401569415,-33.35942481370325,10,time_stop,96.67,96.62
2026-04-22 16:30:00+08:00,mid,2,16.5,4,21.01,0.2691,16.0,7.38,96.62,-5.5016,LONG,-0.07244876837094534,-45.91383001003085,10,time_stop,96.62,96.55
2026-04-22 17:20:00+08:00,close,2,17.33,4,22.29,0.3536,61.0,1.43,96.55,-3.6132,LONG,0.04142931123770715,23.10229945413358,10,time_stop,96.55,96.59
2026-04-22 18:10:00+08:00,close,2,18.17,4,23.57,0.2603,15.0,-5.34,96.59,-4.3223,LONG,-0.041412154467342636,-27.096687631076506,10,time_stop,96.59,96.55
2026-04-22 19:05:00+08:00,close,2,19.08,4,15.67,0.1894,1.0,-10.0,96.55,-3.5683,LONG,-0.2900051786639059,-177.71030421262375,10,time_stop,96.55,96.27
2026-04-22 19:55:00+08:00,close,2,19.92,4,46.7,0.1744,2.0,-19.14,96.27,-2.7967,LONG,0.28046120286694737,167.67853120938506,10,time_stop,96.27,96.54
2026-04-22 20:45:00+08:00,close,2,20.75,4,43.58,0.1391,3.0,19.66,96.54,-2.8796,LONG,2.1752641392168988,1315.8546786442087,10,time_stop,96.54,98.64
2026-04-23 09:50:00+08:00,open,3,9.83,4,46.07,0.4482,86.0,28.38,98.64,2.8076,SHORT,0.2737226277372223,165.632088228476,10,time_stop,98.64,98.37
2026-04-23 10:40:00+08:00,open,3,10.67,4,27.38,0.2389,25.0,6.33,98.37,2.6325,SHORT,0.4777879434787017,291.00061641575917,10,time_stop,98.37,97.9
2026-04-23 12:00:00+08:00,mid,3,12.0,4,46.65,0.3648,80.0,-25.5,97.31,-2.0735,LONG,0.38022813688213397,231.72587801695946,10,time_stop,97.31,97.68
2026-04-23 13:35:00+08:00,mid,3,13.58,4,25.36,0.3769,74.0,16.45,97.8,2.0385,SHORT,-0.12269938650307213,-77.56536056131337,10,time_stop,97.8,97.92
2026-04-23 14:30:00+08:00,mid,3,14.5,4,29.38,0.3122,50.0,5.99,97.92,2.9097,SHORT,-0.18382352941175717,-115.13784223747221,10,time_stop,97.92,98.1
2026-04-23 15:20:00+08:00,mid,3,15.33,4,25.08,0.3204,47.0,8.14,98.1,2.0005,SHORT,-0.3160040774719697,-196.30906574293,10,time_stop,98.1,98.41
2026-04-23 16:10:00+08:00,mid,3,16.17,4,44.8,0.2802,29.0,11.52,98.41,3.3991,SHORT,-0.741794533075911,-457.3970306669466,10,time_stop,98.41,99.14
2026-04-23 17:00:00+08:00,close,3,17.0,4,30.22,0.2846,31.0,34.01,99.14,2.2436,SHORT,-1.0086746015735324,-618.9312508358255,10,time_stop,99.14,100.14
2026-04-23 18:15:00+08:00,close,3,18.25,4,29.06,0.739,99.0,-1.89,99.46,-2.624,LONG,0.5932032978081676,358.98258760952393,10,time_stop,99.46,100.05
2026-04-23 19:05:00+08:00,close,3,19.08,4,27.95,0.4876,84.0,8.04,100.05,-4.1587,LONG,0.25987006496752135,156.60543096277328,10,time_stop,100.05,100.31
2026-04-23 19:55:00+08:00,close,3,19.92,4,23.75,0.2485,7.0,6.88,100.31,-2.2216,LONG,0.5881766523776327,357.44000228413995,10,time_stop,100.31,100.9
2026-04-23 20:45:00+08:00,close,3,20.75,4,35.98,0.252,19.0,23.26,100.9,-5.1301,LONG,0.644202180376602,392.82902066766707,10,time_stop,100.9,101.55
2026-04-24 11:20:00+08:00,open,4,11.33,4,66.48,0.438,81.0,-37.81,98.83,-2.3047,LONG,0.09106546595163757,53.99253707668643,10,time_stop,98.83,98.92
2026-04-24 12:25:00+08:00,mid,4,12.42,4,47.24,0.4963,73.0,-11.26,99.16,-2.4149,LONG,-0.15127067365872476,-95.05116484228934,10,time_stop,99.16,99.01
2026-04-24 13:15:00+08:00,mid,4,13.25,4,28.33,0.4552,70.0,-15.05,99.01,-2.5055,LONG,0.5655994344005535,345.6485078479074,10,time_stop,99.01,99.57
2026-04-24 14:15:00+08:00,mid,4,14.25,4,10.92,0.4403,61.0,0.11,99.45,2.6577,SHORT,-0.3619909502262437,-225.1251476678695,10,time_stop,99.45,99.81
2026-04-24 15:05:00+08:00,mid,4,15.08,4,20.93,0.3793,51.0,20.46,99.81,4.2083,SHORT,0.8015228934976427,491.143047545656,10,time_stop,99.81,99.01
2026-04-24 17:15:00+08:00,close,4,17.25,4,23.82,0.2864,26.0,-12.23,99.02,-2.1486,LONG,0.23227630781660671,141.48016692015221,10,time_stop,99.02,99.25
2026-04-24 18:05:00+08:00,close,4,18.08,4,29.66,0.3095,25.0,-6.75,99.25,-2.8334,LONG,0.19143576826196246,116.38784387469002,10,time_stop,99.25,99.44
2026-04-24 18:55:00+08:00,close,4,18.92,4,14.09,0.2952,15.0,-1.98,99.44,-3.556,LONG,0.8648431214802891,533.3401840183366,10,time_stop,99.44,100.3
2026-04-24 19:55:00+08:00,close,4,19.92,4,32.84,0.2085,2.0,13.17,100.04,2.1319,SHORT,-0.40983606557376706,-256.7825208630902,10,time_stop,100.04,100.45
2026-04-24 20:45:00+08:00,close,4,20.75,4,35.91,0.2311,15.0,3.41,100.45,2.3448,SHORT,-1.5928322548531553,-990.1699365680481,10,time_stop,100.45,102.05
2026-04-27 09:50:00+08:00,open,0,9.83,4,50.02,0.2667,23.0,17.07,102.05,-3.6396,LONG,-1.0681038706516446,-659.3480662366319,10,time_stop,102.05,100.96
2026-04-27 10:40:00+08:00,open,0,10.67,4,38.72,0.1606,6.0,-45.34,100.96,-2.7216,LONG,-0.515055467511882,-317.2849456314907,10,time_stop,100.96,100.44
2026-04-27 13:00:00+08:00,mid,0,13.0,4,43.96,0.266,57.0,9.23,101.25,-2.747,LONG,0.41481481481481647,251.2657756987354,10,time_stop,101.25,101.67
2026-04-27 13:50:00+08:00,mid,0,13.83,4,33.23,0.2684,60.0,13.47,101.67,2.5823,SHORT,-0.08852168781351766,-56.15825486320146,10,time_stop,101.67,101.76
2026-04-27 14:40:00+08:00,mid,0,14.67,4,21.41,0.2997,83.0,-12.61,101.76,4.0497,SHORT,-0.6387578616352118,-392.61765404515734,10,time_stop,101.76,102.41
2026-04-27 15:40:00+08:00,mid,0,15.67,4,32.69,0.274,70.0,8.81,102.18,3.6994,SHORT,0.41103934233705386,248.55473342653102,10,time_stop,102.18,101.76
2026-04-27 16:55:00+08:00,mid,0,16.92,4,25.06,0.2071,13.0,10.03,102.07,-2.5305,LONG,0.2449299500342902,147.60484142268382,10,time_stop,102.07,102.32
2026-04-27 17:45:00+08:00,close,0,17.75,4,28.15,0.2953,85.0,5.69,102.32,-4.9341,LONG,-0.410476935105539,-253.02498213682964,10,time_stop,102.32,101.9
2026-04-27 18:35:00+08:00,close,0,18.58,4,18.56,0.314,92.0,-2.79,101.9,-4.5389,LONG,-0.15701668302258173,-97.82407000698787,10,time_stop,101.9,101.74
2026-04-27 19:25:00+08:00,close,0,19.42,4,18.21,0.1882,4.0,-14.07,101.74,-2.2388,LONG,0.3341851779044657,201.78292183247254,10,time_stop,101.74,102.08
2026-04-27 20:25:00+08:00,close,0,20.42,4,36.83,0.1944,12.0,24.33,102.13,-2.8532,LONG,2.5849407617742104,1576.880111530871,10,time_stop,102.13,104.77
2026-04-28 10:05:00+08:00,open,1,10.08,4,59.76,0.3725,100.0,15.12,104.69,-2.5307,LONG,-0.1432801604737716,-90.6451056462474,10,time_stop,104.69,104.54
2026-04-28 10:55:00+08:00,open,1,10.92,4,30.65,0.1797,6.0,8.29,104.54,-4.6128,LONG,1.3678974555194112,843.6759485920026,10,time_stop,104.54,105.97
2026-04-28 11:45:00+08:00,open,1,11.75,4,54.41,0.2528,58.0,41.46,105.97,-2.2387,LONG,-1.4721147494573956,-918.3161989487778,10,time_stop,105.97,104.41
2026-04-28 12:35:00+08:00,mid,1,12.58,4,51.67,0.4659,100.0,-42.01,104.41,-2.0527,LONG,-0.0670433866487819,-43.42324678915511,10,time_stop,104.41,104.34
2026-04-28 13:25:00+08:00,mid,1,13.42,4,38.59,0.549,100.0,-25.41,104.34,-3.1766,LONG,0.23001725129384215,140.0679005542888,10,time_stop,104.34,104.58
2026-04-28 14:20:00+08:00,mid,1,14.33,4,27.0,0.4412,82.0,0.97,104.58,-2.7648,LONG,-0.40160642570281285,-250.32953299701109,10,time_stop,104.58,104.16
2026-04-28 15:10:00+08:00,mid,1,15.17,4,30.14,0.4108,71.0,-14.14,104.16,-3.6628,LONG,0.30721966205837886,187.58184009142377,10,time_stop,104.16,104.48
2026-04-28 16:00:00+08:00,mid,1,16.0,4,20.19,0.3323,48.0,-6.84,104.48,-3.3059,LONG,-0.535987748851457,-333.25479256402815,10,time_stop,104.48,103.92
2026-04-28 16:50:00+08:00,mid,1,16.83,4,25.61,0.2296,28.0,-17.4,103.92,2.9161,SHORT,-0.35604311008468487,-221.45091816015145,10,time_stop,103.92,104.29
2026-04-28 18:10:00+08:00,close,1,18.17,4,21.34,0.1688,2.0,14.22,104.52,3.0301,SHORT,-0.08610792192882072,-54.97818055204618,10,time_stop,104.52,104.61
2026-04-28 19:35:00+08:00,close,1,19.58,4,24.6,0.1414,1.0,-12.79,104.57,2.4789,SHORT,0.06694080520225035,39.16714788841066,10,time_stop,104.57,104.5
2026-04-28 20:25:00+08:00,close,1,20.42,4,33.68,0.1005,7.0,-2.47,104.5,3.1922,SHORT,-2.832535885167458,-1744.5030395636525,10,time_stop,104.5,107.46
2026-04-29 09:30:00+08:00,open,2,9.5,4,58.93,0.3583,65.0,49.34,107.46,4.5604,SHORT,0.055834729201552274,31.861066431219946,10,time_stop,107.46,107.4
2026-04-29 10:20:00+08:00,open,2,10.33,4,33.86,0.2068,24.0,1.93,107.4,2.0926,SHORT,-0.23277467411545621,-143.2036790305926,10,time_stop,107.4,107.65
2026-04-29 11:15:00+08:00,open,2,11.25,4,22.48,0.1526,16.0,13.75,107.67,-3.8451,LONG,-0.02786291446085366,-18.88200018724703,10,time_stop,107.67,107.64
2026-04-29 12:05:00+08:00,mid,2,12.08,4,17.32,0.2031,43.0,-1.44,107.64,-3.8567,LONG,0.7060572277963629,425.72987579589284,10,time_stop,107.64,108.4
2026-04-29 12:55:00+08:00,mid,2,12.92,4,47.65,0.2227,62.0,28.8,108.4,-2.1864,LONG,1.116236162361618,676.5925863274529,10,time_stop,108.4,109.61
2026-04-29 16:05:00+08:00,mid,2,16.08,4,44.78,0.3773,94.0,19.13,110.36,2.3785,SHORT,-0.7158390721275881,-439.60115017548674,10,time_stop,110.36,111.15
2026-04-29 16:55:00+08:00,mid,2,16.92,4,45.5,0.3669,84.0,21.66,111.15,2.9295,SHORT,0.36887089518669436,222.68449405706505,10,time_stop,111.15,110.74
2026-04-29 18:15:00+08:00,close,2,18.25,4,26.83,0.3707,86.0,-15.84,110.41,4.2042,SHORT,-0.3170002717145264,-195.44231683025248,10,time_stop,110.41,110.76
2026-04-29 19:10:00+08:00,close,2,19.17,4,15.04,0.2329,25.0,5.22,110.7,3.2629,SHORT,-0.6865401987353125,-420.27488668975093,10,time_stop,110.7,111.46
2026-04-29 20:00:00+08:00,close,2,20.0,4,41.89,0.257,36.0,14.7,111.46,6.3512,SHORT,-0.5113942221424793,-312.492500670293,10,time_stop,111.46,112.03
2026-04-30 09:10:00+08:00,open,3,9.17,4,44.85,0.2215,5.0,36.28,112.22,3.3835,SHORT,1.7020139012653688,1028.7167388221897,10,time_stop,112.22,110.31
2026-04-30 10:00:00+08:00,open,3,10.0,4,46.23,0.5206,100.0,-22.3,110.31,3.1706,SHORT,-0.12691505756504448,-79.51085099188948,10,time_stop,110.31,110.45
2026-04-30 12:40:00+08:00,mid,3,12.67,4,34.66,0.3862,61.0,19.0,110.04,3.1457,SHORT,0.372591784805535,225.40490779144565,10,time_stop,110.04,109.63
2026-04-30 13:30:00+08:00,mid,3,13.5,4,27.76,0.4887,78.0,5.75,109.63,4.5426,SHORT,-0.3831068138283332,-236.2543434340408,10,time_stop,109.63,110.05
2026-04-30 14:35:00+08:00,mid,3,14.58,4,46.02,0.4415,63.0,30.92,110.82,3.0429,SHORT,0.9474824038982109,576.2279881463764,10,time_stop,110.82,109.77
2026-04-30 15:25:00+08:00,mid,3,15.42,4,34.2,0.5134,80.0,-8.31,109.77,3.6594,SHORT,-0.33706841577845,-208.67669435103633,10,time_stop,109.77,110.14
2026-04-30 16:15:00+08:00,mid,3,16.25,4,22.91,0.3904,23.0,12.61,110.14,4.0189,SHORT,0.5084437988015273,309.22663313661116,10,time_stop,110.14,109.58
2026-04-30 17:05:00+08:00,close,3,17.08,4,30.61,0.279,12.0,-23.34,109.58,2.9882,SHORT,0.2555210804891414,154.80363584114167,10,time_stop,109.58,109.3
2026-04-30 18:10:00+08:00,close,3,18.17,4,34.53,0.3605,17.0,4.35,109.98,2.0938,SHORT,-0.9274413529732641,-571.853584514708,10,time_stop,109.98,111.0
2026-04-30 19:00:00+08:00,close,3,19.0,4,39.74,0.3179,14.0,12.94,111.0,2.0572,SHORT,-0.11711711711711302,-73.62613272025268,10,time_stop,111.0,111.13
2026-04-30 20:15:00+08:00,close,3,20.25,4,53.91,0.2694,12.0,28.38,111.64,-5.9687,LONG,0.017914725904690097,8.949638995286954,10,time_stop,111.64,111.66
2026-05-01 12:45:00+08:00,mid,4,12.75,5,48.27,0.3706,81.0,3.98,111.21,2.2256,SHORT,1.6545274705511999,1009.33586756416,10,time_stop,111.21,109.37
2026-05-01 13:35:00+08:00,mid,4,13.58,5,51.65,0.4278,96.0,-38.14,109.37,3.1569,SHORT,1.353204717929966,831.9804414828201,10,time_stop,109.37,107.89
2026-05-01 14:25:00+08:00,mid,4,14.42,5,64.89,0.6594,100.0,-22.51,107.89,2.9929,SHORT,-0.852720363333026,-531.0790288077409,10,time_stop,107.89,108.81
2026-05-01 15:15:00+08:00,mid,4,15.25,5,23.75,0.4641,83.0,-4.55,108.81,2.1454,SHORT,0.8914621817847613,548.7496000494576,10,time_stop,108.81,107.84
2026-05-01 16:05:00+08:00,mid,4,16.08,5,17.28,0.4001,75.0,-7.4,107.84,5.1372,SHORT,-0.8067507418397537,-502.6279879847028,10,time_stop,107.84,108.71
2026-05-01 16:55:00+08:00,mid,4,16.92,5,32.43,0.3798,57.0,10.9,108.71,3.4845,SHORT,0.07359028608223557,43.48140126012492,10,time_stop,108.71,108.63
2026-05-01 17:45:00+08:00,close,4,17.75,5,16.89,0.1946,5.0,4.87,108.63,2.914,SHORT,-0.23013900395839085,-144.28408321362338,10,time_stop,108.63,108.88
2026-05-01 19:20:00+08:00,close,4,19.33,5,12.63,0.2322,21.0,-5.03,108.59,2.034,SHORT,-0.38677594621972716,-240.8462830323084,10,time_stop,108.59,109.01
2026-05-01 20:10:00+08:00,close,4,20.17,5,28.25,0.1612,1.0,16.85,109.01,4.0997,SHORT,-0.7613980368773491,-471.27027945632733,10,time_stop,109.01,109.84
2026-05-04 09:55:00+08:00,open,0,9.92,5,42.13,0.3227,49.0,20.59,110.24,2.0866,SHORT,-1.523947750362851,-937.6594120593526,10,time_stop,110.24,111.92
2026-05-04 10:45:00+08:00,open,0,10.75,5,39.97,0.7327,100.0,0.79,111.92,5.3487,SHORT,-0.7684060042887771,-470.17632984121155,10,time_stop,111.92,112.78
2026-05-04 12:50:00+08:00,mid,0,12.83,5,38.76,0.4326,64.0,-17.98,110.45,2.2102,SHORT,-0.6428248076052455,-392.15069956875504,10,time_stop,110.45,111.16
2026-05-04 13:40:00+08:00,mid,0,13.67,5,32.56,0.5423,82.0,15.48,111.16,-6.4002,LONG,0.18891687657431447,112.2892058458441,10,time_stop,111.16,111.37
2026-05-04 16:10:00+08:00,mid,0,16.17,5,72.76,0.6052,86.0,28.1,114.72,4.4673,SHORT,0.17433751743375422,103.56699947231805,10,time_stop,114.72,114.52
2026-05-04 17:00:00+08:00,close,0,17.0,5,56.59,0.4665,36.0,-0.18,114.52,3.5298,SHORT,0.41914076143904105,252.02031881406486,10,time_stop,114.52,114.04
2026-05-04 18:25:00+08:00,close,0,18.42,5,32.56,0.3597,6.0,21.88,114.57,-2.1881,LONG,-0.37531640045386455,-229.9334953240731,10,time_stop,114.57,114.14
2026-05-04 19:15:00+08:00,close,0,19.25,5,28.01,0.4105,23.0,-13.56,114.14,-5.8714,LONG,0.1927457508323102,114.83487574852246,10,time_stop,114.14,114.36
2026-05-04 20:05:00+08:00,close,0,20.08,5,14.86,0.2704,1.0,3.76,114.36,-2.5401,LONG,-0.9618747813920902,-585.6028573919505,10,time_stop,114.36,113.26
2026-05-05 10:15:00+08:00,open,1,10.25,5,23.37,0.2377,12.0,-8.98,113.29,2.0341,SHORT,-0.30011474975725055,-183.211308130573,10,time_stop,113.29,113.63
2026-05-05 14:10:00+08:00,mid,1,14.17,5,44.17,0.4241,97.0,-6.07,111.84,2.0402,SHORT,0.6795422031473579,407.6896620580798,10,time_stop,111.84,111.08
2026-05-05 15:00:00+08:00,mid,1,15.0,5,16.21,0.481,100.0,-5.82,111.08,5.1195,SHORT,0.3240907454087139,194.05193264475866,10,time_stop,111.08,110.72
2026-05-05 15:50:00+08:00,mid,1,15.83,5,25.71,0.3651,67.0,-14.66,110.72,3.0778,SHORT,-0.05419075144508876,-34.83414322323083,10,time_stop,110.72,110.78
2026-05-05 16:40:00+08:00,mid,1,16.67,5,18.42,0.2702,30.0,-9.37,110.78,3.5019,SHORT,0.4332912077992453,260.4554116901472,10,time_stop,110.78,110.3
2026-05-05 17:30:00+08:00,close,1,17.5,5,25.71,0.2441,19.0,-23.0,110.3,3.7568,SHORT,-0.217588395285593,-134.0821387390798,10,time_stop,110.3,110.54
2026-05-05 18:20:00+08:00,close,1,18.33,5,26.51,0.2119,1.0,-5.59,110.54,2.5033,SHORT,0.21711597611725084,129.64981044211876,10,time_stop,110.54,110.3
2026-05-05 19:10:00+08:00,close,1,19.17,5,41.62,0.1826,1.0,-11.91,110.3,3.7756,SHORT,-0.26291931097008725,-161.5934242528763,10,time_stop,110.3,110.59
2026-05-05 20:00:00+08:00,close,1,20.0,5,38.23,0.1201,5.0,7.66,110.59,2.6223,SHORT,5.606293516592823,3396.520369465542,10,time_stop,110.59,104.39
2026-05-06 09:05:00+08:00,open,2,9.08,5,36.39,0.5905,100.0,-84.01,104.39,2.9584,SHORT,2.270332407318713,1412.8256793024225,10,time_stop,104.39,102.02
2026-05-06 09:55:00+08:00,open,2,9.92,5,71.2,1.0712,100.0,-40.13,102.02,3.3773,SHORT,1.2840619486375244,807.2724638710815,10,time_stop,102.02,100.71
2026-05-06 10:45:00+08:00,open,2,10.75,5,68.56,0.827,91.0,-23.56,100.71,-2.0841,LONG,-1.84688710157879,-1173.4443999057942,10,time_stop,100.71,98.85
2026-05-06 11:35:00+08:00,open,2,11.58,5,66.62,0.917,87.0,-14.89,98.85,-4.6586,LONG,4.491654021244322,2820.6148463695195,10,time_stop,98.85,103.29
2026-05-06 12:45:00+08:00,mid,2,12.75,5,68.43,0.9022,80.0,28.15,103.0,2.2918,SHORT,-0.20388349514562498,-132.99847137614185,10,time_stop,103.0,103.21
2026-05-06 13:35:00+08:00,mid,2,13.58,5,55.57,0.6312,51.0,-3.8,103.21,5.5331,SHORT,0.3391144268966131,215.6610424094613,10,time_stop,103.21,102.86
2026-05-06 14:25:00+08:00,mid,2,14.42,5,21.24,0.5896,39.0,2.2,102.86,3.8419,SHORT,0.5055415127357534,323.0276151257248,10,time_stop,102.86,102.34
2026-05-06 15:15:00+08:00,mid,2,15.25,5,20.6,0.6316,45.0,6.98,102.34,2.6593,SHORT,-0.674223177643148,-436.5670181881994,10,time_stop,102.34,103.03
2026-05-06 16:45:00+08:00,mid,2,16.75,5,19.19,0.3504,10.0,3.86,102.54,-2.9792,LONG,-0.13653208503998496,-89.70301335660884,10,time_stop,102.54,102.4
2026-05-06 17:35:00+08:00,close,2,17.58,5,18.5,0.3446,5.0,-8.22,102.4,-2.1554,LONG,-0.3027343750000022,-196.3292558162694,10,time_stop,102.4,102.09
2026-05-06 19:35:00+08:00,close,2,19.58,5,26.88,0.2664,1.0,11.26,101.9,2.4196,SHORT,-0.2944062806673181,-190.69433753142673,10,time_stop,101.9,102.2
2026-05-06 20:35:00+08:00,close,2,20.58,5,30.0,0.2455,9.0,22.4,102.7,2.4656,SHORT,3.5637779941577374,2278.7405637257893,10,time_stop,102.7,99.04
2026-05-07 09:40:00+08:00,open,3,9.67,5,60.94,0.5467,68.0,-45.85,99.04,2.2127,SHORT,-0.7370759289175987,-482.11062021131045,10,time_stop,99.04,99.77
2026-05-07 10:30:00+08:00,open,3,10.5,5,35.45,0.441,56.0,-6.69,99.77,3.749,SHORT,1.2829507868096635,830.5855958453797,10,time_stop,99.77,98.49
2026-05-07 11:20:00+08:00,open,3,11.33,5,38.18,0.4787,73.0,-33.63,98.49,2.2403,SHORT,0.39597928723728354,256.6197637033701,10,time_stop,98.49,98.1
2026-05-07 12:20:00+08:00,mid,3,12.33,5,51.49,0.4293,68.0,-26.71,97.99,2.3053,SHORT,-0.5714868864169836,-375.97957335776283,10,time_stop,97.99,98.55
2026-05-07 13:10:00+08:00,mid,3,13.17,5,51.14,0.5871,98.0,17.53,98.55,2.6092,SHORT,1.024860476915262,666.7394715139956,10,time_stop,98.55,97.54
2026-05-07 14:00:00+08:00,mid,3,14.0,5,25.38,0.588,96.0,-5.87,97.54,2.1256,SHORT,-0.2870617182694145,-190.26979272508234,10,time_stop,97.54,97.82
2026-05-07 14:50:00+08:00,mid,3,14.83,5,18.37,0.5776,88.0,4.03,97.82,5.2408,SHORT,-1.277857288897976,-838.868638617572,10,time_stop,97.82,99.07
2026-05-07 16:10:00+08:00,mid,3,16.17,5,62.73,0.4115,27.0,42.94,100.51,3.0526,SHORT,-0.905382549000096,-591.1374754408156,10,time_stop,100.51,101.42
2026-05-07 17:00:00+08:00,close,3,17.0,5,61.47,0.4719,52.0,22.13,101.42,2.3705,SHORT,0.45355945572866097,291.793088131031,10,time_stop,101.42,100.96
2026-05-07 17:55:00+08:00,close,3,17.92,5,47.93,0.641,100.0,-6.2,100.96,3.5154,SHORT,-0.8617274167987367,-561.4410710529241,10,time_stop,100.96,101.83
2026-05-07 18:45:00+08:00,close,3,18.75,5,30.3,0.6103,89.0,14.48,101.83,3.2455,SHORT,-0.0687420210154251,-46.43495590162169,10,time_stop,101.83,101.9
2026-05-07 20:35:00+08:00,close,3,20.58,5,24.1,0.6774,91.0,25.21,103.34,-2.1517,LONG,-2.6320882523708136,-1702.7750883261735,10,time_stop,103.34,100.62
2026-05-08 09:40:00+08:00,open,4,9.67,5,29.8,0.6297,64.0,-8.83,100.62,-4.2995,LONG,0.01987676406280662,10.674529936998605,10,time_stop,100.62,100.64
2026-05-08 12:25:00+08:00,mid,4,12.42,5,22.7,0.2916,1.0,-11.14,100.92,2.7855,SHORT,0.03963535473643108,23.275821394384117,10,time_stop,100.92,100.88
2026-05-08 15:25:00+08:00,mid,4,15.42,5,36.11,0.3788,49.0,16.24,102.19,2.2253,SHORT,0.14678539974556365,91.62344939140043,10,time_stop,102.19,102.04
2026-05-08 16:15:00+08:00,mid,4,16.25,5,17.61,0.392,60.0,-3.25,102.04,2.5822,SHORT,0.029400235201882726,16.76568414741762,10,time_stop,102.04,102.01
2026-05-08 17:05:00+08:00,close,4,17.08,5,12.43,0.2444,1.0,0.36,102.01,4.2117,SHORT,0.3823154592686997,242.05768692912716,10,time_stop,102.01,101.62
2026-05-08 17:55:00+08:00,close,4,17.92,5,22.42,0.2059,1.0,-13.43,101.62,2.6065,SHORT,0.13776815587482835,86.11342469841922,10,time_stop,101.62,101.48
2026-05-08 18:45:00+08:00,close,4,18.75,5,21.49,0.3083,34.0,-2.9,101.48,-3.6653,LONG,0.059124950729209966,35.840450578224655,10,time_stop,101.48,101.54
2026-05-08 19:35:00+08:00,close,4,19.58,5,16.45,0.2047,1.0,-0.41,101.54,-2.7077,LONG,-0.34469174709474937,-222.6672983337332,10,time_stop,101.54,101.19
2026-05-08 20:25:00+08:00,close,4,20.42,5,19.46,0.1609,1.0,1.1,101.19,-2.9072,LONG,3.0042494317620383,1917.9377610610602,10,time_stop,101.19,104.23
2026-05-11 09:30:00+08:00,open,0,9.5,5,48.85,0.4324,96.0,46.11,104.23,-3.4142,LONG,-0.3357958361316401,-219.81857242429777,10,time_stop,104.23,103.88
2026-05-11 10:20:00+08:00,open,0,10.33,5,37.72,0.2221,18.0,6.21,103.88,-2.3331,LONG,0.4524451289949932,290.9874561361065,10,time_stop,103.88,104.35
2026-05-11 11:15:00+08:00,open,0,11.25,5,42.56,0.2017,12.0,20.57,104.49,-3.1531,LONG,0.3541008708967409,227.81838898105153,10,time_stop,104.49,104.86
2026-05-11 12:05:00+08:00,mid,0,12.08,5,45.68,0.1907,16.0,29.42,104.86,-3.0521,LONG,-0.5245088689681453,-343.01397556136965,10,time_stop,104.86,104.31
2026-05-11 15:45:00+08:00,mid,0,15.75,5,33.4,0.3246,63.0,23.4,104.51,2.4776,SHORT,-0.775045450196142,-504.5732426407087,10,time_stop,104.51,105.32
2026-05-11 16:35:00+08:00,mid,0,16.58,5,57.78,0.2692,37.0,34.02,105.32,4.9108,SHORT,0.4177744018230134,267.8491378075173,10,time_stop,105.32,104.88
2026-05-11 19:15:00+08:00,close,0,19.25,5,12.98,0.271,26.0,-8.64,104.64,-2.1058,LONG,0.09556574923546857,59.855882515385886,10,time_stop,104.64,104.74
2026-05-11 20:05:00+08:00,close,0,20.08,5,14.08,0.1207,1.0,8.52,104.74,-5.1366,LONG,2.5969066259308753,1679.6508655965467,10,time_stop,104.74,107.46
2026-05-12 09:10:00+08:00,open,1,9.17,5,45.95,0.3709,86.0,68.89,107.46,-2.5142,LONG,-0.083752093802335,-56.937813097279374,10,time_stop,107.46,107.37
2026-05-12 10:00:00+08:00,open,1,10.0,5,47.84,0.3952,90.0,14.95,107.37,-4.6998,LONG,0.7916550246810042,517.0666661252566,10,time_stop,107.37,108.22
2026-05-12 10:50:00+08:00,open,1,10.83,5,48.9,0.2066,19.0,32.13,108.22,-2.1479,LONG,-0.3880983182406225,-257.4688742484102,10,time_stop,108.22,107.8
2026-05-12 11:40:00+08:00,open,1,11.67,5,27.44,0.2604,35.0,7.46,107.8,-2.599,LONG,0.2875695732838611,186.92480924434517,10,time_stop,107.8,108.11
2026-05-12 12:30:00+08:00,mid,1,12.5,5,43.59,0.2061,20.0,14.01,108.11,-4.0854,LONG,-0.08324854315049801,-56.76966710661039,10,time_stop,108.11,108.02
2026-05-12 13:20:00+08:00,mid,1,13.33,5,23.4,0.2572,49.0,7.98,108.02,-3.0616,LONG,0.0,-2.0,10,time_stop,108.02,108.02
2026-05-12 14:10:00+08:00,mid,1,14.17,5,28.76,0.2341,35.0,-1.46,108.02,-3.1231,LONG,0.2684688020736959,174.54818881317962,10,time_stop,108.02,108.31
2026-05-12 15:00:00+08:00,mid,1,15.0,5,17.76,0.2269,33.0,12.4,108.31,-2.3233,LONG,-0.3970085864647833,-263.42392310960264,10,time_stop,108.31,107.88
2026-05-12 15:50:00+08:00,mid,1,15.83,5,21.94,0.2682,73.0,-3.16,107.88,-2.432,LONG,0.08342602892102652,52.82484860801366,10,time_stop,107.88,107.97
2026-05-12 16:40:00+08:00,mid,1,16.67,5,11.14,0.1978,9.0,4.14,107.97,-5.4633,LONG,-0.36121144762434065,-239.47171503891693,10,time_stop,107.97,107.58
2026-05-12 17:30:00+08:00,close,1,17.5,5,24.37,0.1673,1.0,-4.79,107.58,-3.0224,LONG,0.3439300985313298,223.69860742103032,10,time_stop,107.58,107.95
2026-05-12 18:20:00+08:00,close,1,18.33,5,33.92,0.2296,38.0,20.81,107.95,-3.5318,LONG,-0.018527095877717482,-14.178831755803957,10,time_stop,107.95,107.93
2026-05-13 09:10:00+08:00,open,2,9.17,5,23.24,0.1184,15.0,3.73,107.99,-10.0101,LONG,-0.41670525048614565,-275.89267287469596,10,time_stop,107.99,107.54
2026-05-13 10:15:00+08:00,open,2,10.25,5,26.95,0.1888,46.0,6.34,107.81,2.1447,SHORT,-0.4823300250440553,-318.3612698063034,10,time_stop,107.81,108.33
2026-05-13 11:05:00+08:00,open,2,11.08,5,41.32,0.1925,56.0,21.96,108.33,2.0041,SHORT,0.4523216098956844,293.9586792875977,10,time_stop,108.33,107.84
2026-05-13 13:30:00+08:00,mid,2,13.5,5,24.61,0.1846,55.0,-23.52,107.54,-3.2648,LONG,0.6695183187651096,437.05677231877394,10,time_stop,107.54,108.26
2026-05-13 14:20:00+08:00,mid,2,14.33,5,38.08,0.2171,89.0,19.86,108.26,-4.4111,LONG,-0.5080362091261882,-336.2702259126463,10,time_stop,108.26,107.71
2026-05-13 16:25:00+08:00,mid,2,16.42,5,63.44,0.3245,100.0,-41.71,106.33,2.0656,SHORT,-0.2727358224395808,-180.9921582056098,10,time_stop,106.33,106.62
2026-05-13 17:20:00+08:00,close,2,17.33,5,26.51,0.2713,78.0,-4.91,106.63,-3.1126,LONG,-0.32823783175466037,-217.12019686740436,10,time_stop,106.63,106.28
2026-05-13 19:40:00+08:00,close,2,19.67,5,24.96,0.1419,1.0,-0.17,106.2,3.6045,SHORT,0.2259887005649803,145.86292531086855,10,time_stop,106.2,105.96
2026-05-13 20:30:00+08:00,close,2,20.5,5,17.3,0.1166,1.0,-14.8,105.96,3.9481,SHORT,-0.6134390335975893,-403.8165283433689,10,time_stop,105.96,106.61
2026-05-14 09:35:00+08:00,open,3,9.58,5,34.68,0.2626,77.0,11.86,106.61,2.6056,SHORT,0.7316386830503716,475.76274989083333,10,time_stop,106.61,105.83
2026-05-14 11:20:00+08:00,open,3,11.33,5,14.93,0.3377,93.0,-3.93,105.98,-2.9431,LONG,-1.2360822796754125,-812.1066825888547,10,time_stop,105.98,104.67
2026-05-14 12:10:00+08:00,mid,3,12.17,5,36.09,0.2552,50.0,-46.72,104.67,-2.3916,LONG,0.5923378236361942,383.80263039036095,10,time_stop,104.67,105.29
2026-05-14 13:30:00+08:00,mid,3,13.5,5,17.03,0.265,53.0,11.13,105.39,2.5987,SHORT,-0.7021539045450184,-460.6756976759263,10,time_stop,105.39,106.13
2026-05-14 14:20:00+08:00,mid,3,14.33,5,25.42,0.2982,67.0,17.91,106.13,3.0999,SHORT,0.4899651370960106,316.9367262531341,10,time_stop,106.13,105.61
2026-05-14 15:10:00+08:00,mid,3,15.17,5,33.67,0.3057,63.0,-14.88,105.61,3.4745,SHORT,0.5207840166650858,337.82317139874317,10,time_stop,105.61,105.06
2026-05-14 16:00:00+08:00,mid,3,16.0,5,46.51,0.293,43.0,-23.49,105.06,3.5547,SHORT,-0.4283266704740175,-282.21618688196094,10,time_stop,105.06,105.51
2026-05-14 16:50:00+08:00,mid,3,16.83,5,35.34,0.2478,21.0,7.32,105.51,2.7431,SHORT,-0.540233153255609,-354.6643699387906,10,time_stop,105.51,106.08
2026-05-14 18:55:00+08:00,close,3,18.92,5,31.03,0.2098,5.0,3.6,106.21,-2.7338,LONG,0.3860276810093313,249.3144385253375,10,time_stop,106.21,106.62
2026-05-14 19:45:00+08:00,close,3,19.75,5,37.2,0.1186,1.0,20.77,106.62,2.9747,SHORT,-0.21571937722752746,-142.70804622764538,10,time_stop,106.62,106.85
2026-05-14 20:35:00+08:00,close,3,20.58,5,47.59,0.1277,11.0,19.08,106.85,-3.2196,LONG,2.5269068788020617,1644.4314968723058,10,time_stop,106.85,109.55
2026-05-15 09:40:00+08:00,open,4,9.67,5,67.48,0.2999,79.0,48.19,109.55,-4.4473,LONG,-0.6024646280237304,-399.4954242258545,10,time_stop,109.55,108.89
2026-05-15 10:30:00+08:00,open,4,10.5,5,38.88,0.2604,58.0,-14.04,108.89,-2.4185,LONG,-0.4040775094131672,-267.7960035139305,10,time_stop,108.89,108.45
2026-05-15 11:55:00+08:00,open,4,11.92,5,19.0,0.2958,70.0,16.78,108.89,-2.1188,LONG,-0.17448801542841189,-116.5419110059597,10,time_stop,108.89,108.7
2026-05-15 12:45:00+08:00,mid,4,12.75,5,13.82,0.2122,29.0,-0.57,108.7,-3.6989,LONG,-0.3219871205151872,-213.17944234555966,10,time_stop,108.7,108.35
2026-05-15 13:35:00+08:00,mid,4,13.58,5,19.85,0.211,29.0,0.47,108.35,3.2015,SHORT,-0.443008767881868,-292.08086256614723,10,time_stop,108.35,108.83
2026-05-15 14:25:00+08:00,mid,4,14.42,5,23.7,0.2763,70.0,11.01,108.83,3.7386,SHORT,-0.40430028484792585,-266.1442177189832,10,time_stop,108.83,109.27
2026-05-15 17:40:00+08:00,close,4,17.67,5,27.51,0.1437,1.0,-9.36,109.34,-2.424,LONG,0.43899762209620424,284.229078468746,10,time_stop,109.34,109.82
2026-05-15 18:30:00+08:00,close,4,18.5,5,29.86,0.1776,18.0,23.68,109.82,-3.0644,LONG,-0.12748133309049933,-85.29976208425137,10,time_stop,109.82,109.68
2026-05-15 19:20:00+08:00,close,4,19.33,5,22.4,0.142,1.0,13.03,109.68,-3.9342,LONG,0.14587892049598522,93.25902770394168,10,time_stop,109.68,109.84
2026-05-15 20:10:00+08:00,close,4,20.17,5,27.13,0.1333,9.0,21.0,109.84,-2.8171,LONG,0.5007283321194439,325.20940597867605,10,time_stop,109.84,110.39
2026-05-16 11:00:00+08:00,open,5,11.0,5,34.24,0.0991,1.0,7.21,110.26,2.1545,SHORT,-0.009069472156712229,-7.941347515675235,10,time_stop,110.26,110.27
2026-05-16 13:50:00+08:00,mid,5,13.83,5,43.54,0.0279,1.0,-16.52,110.27,-2.3029,LONG,-0.018137299356122266,-13.880897258388295,10,time_stop,110.27,110.25
2026-05-16 14:40:00+08:00,mid,5,14.67,5,45.77,0.0363,17.0,-35.11,110.25,-2.4545,LONG,-0.09977324263038498,-67.34986416694612,10,time_stop,110.25,110.14
2026-05-16 15:30:00+08:00,mid,5,15.5,5,67.82,0.0558,47.0,-32.02,110.14,-2.0071,LONG,-0.6537134556019601,-429.9516287494586,10,time_stop,110.14,109.42
2026-05-18 11:45:00+08:00,open,0,11.75,5,58.05,0.3532,100.0,-32.67,109.42,4.548,SHORT,0.5392067263754372,349.83096458635924,10,time_stop,109.42,108.83
2026-05-18 12:35:00+08:00,mid,0,12.58,5,33.6,0.5054,100.0,-27.73,108.83,2.2584,SHORT,0.7075254984838704,460.8960903926639,10,time_stop,108.83,108.06
2026-05-18 14:35:00+08:00,mid,0,14.58,5,49.89,0.4947,89.0,33.45,110.02,3.6735,SHORT,-1.2179603708416684,-801.6530917211646,10,time_stop,110.02,111.36
2026-05-18 15:25:00+08:00,mid,0,15.42,5,75.98,0.4188,60.0,27.83,111.36,-3.8751,LONG,-0.08081896551724445,-54.73782824947273,10,time_stop,111.36,111.27
2026-05-18 16:35:00+08:00,mid,0,16.58,5,66.68,0.2655,43.0,14.53,111.38,-2.0738,LONG,-0.47584844675884463,-312.38120910822,10,time_stop,111.38,110.85
2026-05-18 18:05:00+08:00,close,0,18.08,5,34.56,0.2233,26.0,30.66,111.64,2.2961,SHORT,-0.7524184879971367,-491.60407715585706,10,time_stop,111.64,112.48
2026-05-18 18:55:00+08:00,close,0,18.92,5,59.35,0.2686,43.0,29.29,112.48,-4.1531,LONG,-2.8982930298719816,-1880.8158847684474,10,time_stop,112.48,109.22
2026-05-18 19:45:00+08:00,close,0,19.75,5,59.38,0.6062,100.0,-28.94,109.22,-3.602,LONG,-0.1007141549166814,-66.34073764250213,10,time_stop,109.22,109.11
